Date,Category,Net worth,Assets,Real estate,Consumer durables,Corporate equities and mutual fund shares,DB pension entitlements,DC pension entitlements,Private businesses,Other assets,Liabilities,Home mortgages,Consumer credit,Other liabilities
1989:Q3,TopPt1,1747514,1789564,142251,197620,297801,10382,23995,589614,527901,42050,14290,20128,7632
1989:Q3,RemainingTop1,2885092,2962658,451762,161002,584206,112641,83828,737907,831311,77566,57447,4581,15538
1989:Q3,Next9,7623207,8121744,2073367,420076,806891,1411665,422800,1013657,1973288,498537,393945,56884,47708
1989:Q3,Next40,7394537,8968681,3409892,757671,343118,1783877,420369,582457,1671297,1574144,1161772,362586,49786
1989:Q3,Bottom50,773814,1731952,815444,359981,24085,159401,56816,45991,270234,958138,583235,340028,34875
1989:Q4,TopPt1,1788703,1828591,153554,199158,310574,12742,23320,590691,538551,39888,13592,18389,7907
1989:Q4,RemainingTop1,2949912,3032347,483550,161163,595105,116705,87199,735422,853202,82435,60225,4289,17921
1989:Q4,Next9,7765721,8277017,2101799,419613,824809,1439838,442247,1040213,2008498,511295,404428,60105,46762
1989:Q4,Next40,7551402,9152628,3456716,774880,361989,1833744,438709,581215,1705375,1601227,1182045,369258,49924
1989:Q4,Bottom50,748879,1739114,798697,370961,25563,161104,58512,49289,274987,990235,599826,357244,33165
1990:Q1,TopPt1,1788268,1826143,165163,186997,285141,15233,21807,596704,555098,37875,13170,16546,8159
1990:Q1,RemainingTop1,2933859,3023010,488054,163725,556043,121012,88109,748603,857464,89150,63820,6002,19328
1990:Q1,Next9,7760595,8295965,2094425,433282,779219,1458656,449912,1047606,2032865,535370,425883,60158,49329
1990:Q1,Next40,7631355,9246473,3462187,798829,352996,1874968,442444,584914,1730135,1615118,1208814,355496,50808
1990:Q1,Bottom50,788053,1798458,836955,384296,25577,162611,58447,50490,280081,1010405,623226,354118,33061
1990:Q2,TopPt1,1829320,1865221,175623,188247,300969,17627,20541,597822,564393,35901,12747,14886,8268
1990:Q2,RemainingTop1,2986246,3080509,513828,163876,578976,125250,89858,759155,849565,94263,67082,6288,20893
1990:Q2,Next9,7838884,8396047,2109485,432012,800535,1481320,468299,1054217,2050179,557163,445871,61975,49317
1990:Q2,Next40,7740629,9374824,3484513,813957,361309,1919886,453874,587688,1753598,1634195,1229744,353621,50830
1990:Q2,Bottom50,765858,1799521,817340,394419,27683,164200,58976,52348,284554,1033663,639967,361942,31754
1990:Q3,TopPt1,1804908,1838657,187418,172919,228724,20074,18615,605269,605639,33749,12167,13245,8337
1990:Q3,RemainingTop1,2880816,2980297,514137,164750,470538,129612,89223,761435,850601,99480,69984,6467,23029
1990:Q3,Next9,7767651,8335161,2098177,445173,673180,1499610,463725,1070023,2085273,567511,458734,64350,44427
1990:Q3,Next40,7756561,9410981,3487151,831783,322030,1960811,446289,584953,1777965,1654420,1249726,354695,49999
1990:Q3,Bottom50,804179,1862073,868122,401621,25381,165701,57804,53581,289863,1057894,656126,373545,28223
1990:Q4,TopPt1,1887275,1918866,196247,162073,273542,22462,18027,618369,628146,31591,11368,11601,8622
1990:Q4,RemainingTop1,2974389,3078919,522219,166948,522647,133934,92915,758943,881314,104530,72509,7100,24921
1990:Q4,Next9,7921225,8497235,2073669,454237,744658,1520406,484713,1087630,2131922,576010,462552,66597,46861
1990:Q4,Next40,7891064,9565708,3486230,846042,365621,2004177,466441,579447,1817750,1674644,1269719,354322,50603
1990:Q4,Bottom50,802855,1888612,877066,409820,28303,167254,59730,53501,292937,1085757,673107,384772,27878
1991:Q1,TopPt1,1944708,1974319,208344,160012,338712,24878,17825,622537,602011,29612,10608,10000,9004
1991:Q1,RemainingTop1,3098021,3209199,533803,168390,598964,138328,97848,751996,919870,111178,75019,9206,26953
1991:Q1,Next9,8094215,8675206,2086257,456245,848895,1539007,508250,1096363,2140189,580991,467305,66155,47531
1991:Q1,Next40,8040750,9718272,3475869,861921,426939,2045586,492984,573701,1841273,1677522,1288048,337929,51545
1991:Q1,Bottom50,822585,1916605,885415,421261,31929,168765,62588,53294,293352,1094020,688172,378916,26932
1991:Q2,TopPt1,1947362,1975059,220146,152225,336933,27243,16706,614882,606924,27698,10232,8482,8984
1991:Q2,RemainingTop1,3074722,3191122,539292,168644,591200,142674,99912,748920,900481,116400,78298,9897,28205
1991:Q2,Next9,8097710,8698802,2086814,461042,838668,1560369,520722,1101571,2129616,601092,486680,67399,47013
1991:Q2,Next40,8087259,9780164,3465393,874303,429170,2089681,503226,571505,1846886,1692905,1309419,332357,51129
1991:Q2,Bottom50,841969,1955814,910787,427493,33143,170335,63363,55587,295106,1113845,705484,383170,25191
1991:Q3,TopPt1,1968199,1994098,230870,134881,372239,29611,16125,607554,602818,25899,9922,6998,8979
1991:Q3,RemainingTop1,3133786,3252626,542508,171455,632390,147039,103761,758236,897238,118840,80739,9599,28502
1991:Q3,Next9,8139435,8767765,2067727,475397,888544,1581731,540998,1080404,2132964,628330,505468,68926,53936
1991:Q3,Next40,8215996,9911224,3474067,887682,457530,2133876,524283,573859,1859927,1695228,1314286,329114,51828
1991:Q3,Bottom50,892292,2010672,951227,434028,35977,171908,65463,55311,296758,1118380,703553,387862,26965
1991:Q4,TopPt1,2054035,2078318,244553,126063,466107,31971,15728,602168,591729,24283,9672,5475,9136
1991:Q4,RemainingTop1,3290291,3412515,548108,172724,748183,151396,108296,764476,919332,122223,83883,9263,29077
1991:Q4,Next9,8316095,8976537,2086075,480715,1031917,1604102,565399,1059598,2148730,660442,527577,71379,61486
1991:Q4,Next40,8371724,10086354,3470915,897896,529296,2179119,550230,575370,1883527,1714630,1331128,330503,52999
1991:Q4,Bottom50,923638,2066776,991713,439991,41026,173503,68095,54415,298032,1143137,715097,398962,29078
1992:Q1,TopPt1,2065476,2088535,257095,124165,455257,34123,14217,607988,595689,23059,9763,3996,9300
1992:Q1,RemainingTop1,3264818,3392427,575903,171181,723307,155441,109110,761270,896215,127609,86886,9537,31186
1992:Q1,Next9,8285723,8975864,2107880,479422,1006800,1640194,569590,1061096,2110882,690141,559868,71176,59097
1992:Q1,Next40,8469666,10177143,3509212,910526,531514,2237314,551688,568816,1868072,1707477,1337734,316822,52921
1992:Q1,Bottom50,937242,2069423,987682,446800,41742,175377,67959,53922,295941,1132181,713470,391822,26889
1992:Q2,TopPt1,2057834,2079377,267966,118989,459190,34021,13083,604313,581815,21543,9678,2437,9428
1992:Q2,RemainingTop1,3259377,3390196,596170,171029,720597,153328,111296,756926,880850,130819,89566,9070,32183
1992:Q2,Next9,8280642,9001953,2103047,482137,1001702,1680740,583846,1060343,2090137,721311,584841,72707,63763
1992:Q2,Next40,8582089,10292392,3526010,925351,536046,2304159,563270,564041,1873515,1710303,1344210,312476,53617
1992:Q2,Bottom50,942532,2078408,980542,455572,43369,176249,68841,55024,298811,1135876,712399,395642,27835
1992:Q3,TopPt1,2090560,2110336,281297,97250,489448,33944,12350,611816,584231,19775,9323,882,9570
1992:Q3,RemainingTop1,3284946,3420636,592689,174042,750310,151173,114868,760878,876676,135690,92612,9255,33823
1992:Q3,Next9,8376685,9117344,2100981,500082,1038837,1721435,604088,1054545,2097377,740660,601876,74914,63870
1992:Q3,Next40,8712314,10441351,3534668,938822,561765,2371286,583534,560808,1890468,1729038,1364007,311384,53647
1992:Q3,Bottom50,1005794,2165214,1054354,461346,45937,177116,70782,54264,301416,1159421,727510,405498,26413
1992:Q4,TopPt1,2180050,2200633,276010,103017,569415,31332,12992,605073,602794,20583,9867,874,9842
1992:Q4,RemainingTop1,3462769,3602113,596363,174616,873898,147652,120477,788809,900298,139344,96078,9322,33944
1992:Q4,Next9,8526997,9268249,2101782,500317,1158101,1783968,622815,1019590,2081677,741252,605692,75427,60133
1992:Q4,Next40,8890169,10635966,3586915,942937,608651,2426982,604923,570070,1895488,1745797,1372439,318767,54591
1992:Q4,Bottom50,1007911,2214778,1078905,472368,49701,177639,77454,53855,304856,1206866,756277,420379,30210
1993:Q1,TopPt1,2284403,2305824,270069,133512,595884,29111,14149,630005,633094,21421,10315,1015,10091
1993:Q1,RemainingTop1,3578400,3721306,622060,169867,927385,144662,127749,815699,913884,142906,98721,10929,33256
1993:Q1,Next9,8580212,9318681,2123295,475253,1191565,1823772,645740,1015500,2043556,738468,603898,72710,61860
1993:Q1,Next40,8997501,10730906,3617444,943691,617494,2461378,635351,570235,1885314,1733405,1369105,308071,56229
1993:Q1,Bottom50,949222,2172528,1014909,484078,51433,177709,85313,52255,306831,1223306,772148,414536,36622
1993:Q2,TopPt1,2319733,2341960,265921,136198,608762,26901,14635,638985,650557,22227,10834,1084,10309
1993:Q2,RemainingTop1,3646900,3794418,617484,170790,959780,141627,132665,842351,929721,147519,102379,11842,33298
1993:Q2,Next9,8609557,9346692,2128536,479925,1206049,1864338,657972,1003068,2006804,737135,607199,72224,57712
1993:Q2,Next40,9089682,10838121,3661339,952586,623254,2496461,651063,575502,1877916,1748439,1381702,309828,56909
1993:Q2,Bottom50,974750,2244335,1063609,496752,52408,177789,91294,52485,309998,1269585,805714,423684,40187
1993:Q3,TopPt1,2386316,2409165,261608,135699,645046,24679,15249,654013,672872,22850,11158,1133,10559
1993:Q3,RemainingTop1,3746422,3897211,610845,172694,1025229,138523,138030,865060,946829,150789,105892,12579,32318
1993:Q3,Next9,8695080,9431847,2126534,487749,1254458,1906742,674937,1000924,1980504,736768,603096,72693,60979
1993:Q3,Next40,9197308,10968332,3708566,961018,638895,2533246,670748,577293,1878566,1771024,1395540,316863,58621
1993:Q3,Bottom50,995853,2324664,1118958,508719,54492,177901,97536,52827,314230,1328811,842331,439401,47079
1993:Q4,TopPt1,2487438,2510866,257586,144659,682982,22508,15621,674420,713089,23428,11634,1048,10746
1993:Q4,RemainingTop1,3874971,4027513,616576,173069,1090681,135456,142342,890631,978758,152542,109227,11818,31497
1993:Q4,Next9,8788090,9528450,2139407,487730,1306957,1946809,682284,998081,1967181,740359,603396,74776,62187
1993:Q4,Next40,9311864,11108825,3761922,972613,659591,2567848,682123,579353,1885375,1796962,1403604,333431,59927
1993:Q4,Bottom50,983635,2373109,1142031,524007,56488,177966,102935,52461,317222,1389474,871317,465095,53062
1994:Q1,TopPt1,2586149,2610417,253192,165490,646835,20352,15722,706239,802587,24268,11920,1194,11154
1994:Q1,RemainingTop1,3884762,4042335,633404,169580,1055269,132380,145524,920298,985879,157572,112244,13539,31789
1994:Q1,Next9,8795920,9523707,2163627,474065,1241895,1986439,683718,1003630,1970333,727787,595735,73188,58864
1994:Q1,Next40,9371035,11170789,3804432,980110,630763,2602056,686600,578914,1887914,1799755,1409696,328756,61303
1994:Q1,Bottom50,947947,2372531,1120859,536792,55527,178020,107412,52147,321773,1424584,899874,467200,57510
1994:Q2,TopPt1,2678942,2704140,248724,174193,633475,18211,16341,730453,882744,25199,12522,1135,11542
1994:Q2,RemainingTop1,3907806,4068495,640744,169647,1056730,129301,150507,952159,969407,160689,115706,13027,31956
1994:Q2,Next9,8788814,9519500,2171273,474007,1203931,2025428,690742,1007378,1946742,730686,600160,74542,55984
1994:Q2,Next40,9429660,11251954,3861113,990987,600412,2635692,700852,580374,1882524,1822295,1417995,341441,62859
1994:Q2,Bottom50,938021,2417000,1138107,550714,55990,178061,113250,53724,327153,1478978,928238,488435,62305
1994:Q3,TopPt1,2759305,2785302,243831,173859,651222,16023,17281,748088,934997,25997,13086,1056,11855
1994:Q3,RemainingTop1,3972341,4135990,635916,172359,1097349,126131,156769,967252,980214,163650,119188,12319,32143
1994:Q3,Next9,8859446,9589795,2159410,483471,1217385,2067308,707739,1017514,1936967,730349,602873,76363,51113
1994:Q3,Next40,9526771,11375084,3912591,1002546,596406,2672065,724409,576537,1890530,1848313,1427481,356994,63838
1994:Q3,Bottom50,956449,2494196,1185036,564263,57499,178157,120027,55384,333831,1537747,958421,513221,66105
1994:Q4,TopPt1,2891137,2917891,237517,179509,646499,13883,17032,772209,1051242,26753,13724,859,12170
1994:Q4,RemainingTop1,4017809,4182031,643362,172730,1107999,123029,158231,992458,984222,164223,122629,10336,31258
1994:Q4,Next9,8858630,9600952,2144636,485512,1193295,2105937,697710,1023558,1950304,742322,607940,79671,54711
1994:Q4,Next40,9581139,11464738,3975054,1010956,574407,2705460,717737,574534,1906589,1883598,1435545,381881,66172
1994:Q4,Bottom50,920481,2528654,1195655,575456,58172,178192,123052,56850,341277,1608173,986101,548420,73652
1995:Q1,TopPt1,2988047,3015712,232964,187697,700464,11622,18407,795153,1069405,27665,14131,963,12571
1995:Q1,RemainingTop1,4155731,4324679,641751,174500,1199931,119737,166129,1014800,1007831,168948,125555,11557,31836
1995:Q1,Next9,8988740,9717812,2145325,486948,1257961,2151367,723961,1024980,1927271,729072,602684,78502,47886
1995:Q1,Next40,9711337,11597427,4006349,1021479,586301,2745265,751568,571175,1915290,1886090,1438764,379967,67359
1995:Q1,Bottom50,945025,2586385,1218753,590075,61353,178359,131057,57575,349213,1641360,1010792,553557,77011
1995:Q2,TopPt1,3061192,3089719,232193,181142,757516,9700,19745,808497,1080926,28527,14521,945,13061
1995:Q2,RemainingTop1,4278864,4451505,606389,178563,1289505,117730,173980,1040193,1045144,172641,129035,11539,32067
1995:Q2,Next9,9156930,9878936,2148715,500239,1332118,2205411,756805,1016388,1919259,722005,597274,80002,44729
1995:Q2,Next40,9796005,11709917,4001393,1026201,611328,2782277,788066,574884,1925768,1913912,1450768,393595,69549
1995:Q2,Bottom50,1022171,2728150,1333118,598174,64193,179882,138992,58629,355161,1705979,1046703,577045,82231
1995:Q3,TopPt1,3174848,3204226,231273,180446,827544,7789,21525,827373,1108275,29377,15145,842,13390
1995:Q3,RemainingTop1,4431031,4605262,585389,181161,1393928,115751,183366,1067109,1078558,174231,132648,10592,30991
1995:Q3,Next9,9328317,10060201,2162244,507381,1426396,2257494,791716,1014444,1900526,731884,600610,82070,49204
1995:Q3,Next40,9906951,11852862,4016389,1029870,647059,2817365,831347,580057,1930775,1945911,1462202,411348,72361
1995:Q3,Bottom50,1063543,2837775,1417842,606131,67393,181370,148192,59804,357043,1774231,1079166,604747,90318
1995:Q4,TopPt1,3273640,3306300,234523,179281,903118,9336,23310,839302,1117430,32661,15715,919,16027
1995:Q4,RemainingTop1,4582506,4760505,596979,181533,1466701,123703,194367,1081323,1115900,177999,134327,9347,34325
1995:Q4,Next9,9582449,10322088,2194051,515367,1549227,2297128,811573,1024957,1929785,739639,602554,89365,47720
1995:Q4,Next40,10087956,12090637,4048636,1044622,708922,2846233,871555,595878,1974790,2002681,1492071,434549,76061
1995:Q4,Bottom50,1062346,2858103,1419098,608451,73214,183700,152718,60137,360786,1795757,1075258,633980,86519
1996:Q1,TopPt1,3307388,3342721,238959,181401,945610,10974,25083,833905,1106788,35333,16414,1347,17572
1996:Q1,RemainingTop1,4688833,4870755,612024,181681,1490767,131795,205232,1093092,1156163,181922,136756,11864,33302
1996:Q1,Next9,9783775,10549073,2240672,521973,1625599,2333262,830269,1026103,1971196,765298,610403,91675,63220
1996:Q1,Next40,10286381,12321476,4084946,1063430,759186,2871892,911235,617029,2013757,2035095,1532308,427826,74961
1996:Q1,Bottom50,1080035,2877989,1418158,613938,77402,185980,156979,61666,363866,1797954,1082425,629496,86033
1996:Q2,TopPt1,3350481,3389588,240526,174360,987153,12649,26360,828218,1120323,39107,17350,1508,20249
1996:Q2,RemainingTop1,4738946,4925437,629926,182565,1516359,139941,214213,1087561,1154873,186492,139021,11483,35988
1996:Q2,Next9,9927823,10717158,2252550,534102,1695431,2369110,838640,1037040,1990285,789335,627061,97046,65228
1996:Q2,Next40,10448779,12535365,4152976,1075014,800930,2897308,939107,626926,2043105,2086586,1567511,440361,78714
1996:Q2,Bottom50,1078726,2888818,1417811,612791,81731,188269,159613,62954,365649,1810092,1080718,646181,83193
1996:Q3,TopPt1,3355562,3398305,243061,170673,992047,14360,27964,822100,1128099,42743,18333,1674,22736
1996:Q3,RemainingTop1,4770106,4960946,647771,183070,1492478,148144,224338,1108624,1156521,190840,141382,11134,38324
1996:Q3,Next9,10015981,10830308,2275882,544931,1711233,2404670,849988,1022717,2020887,814328,645521,102321,66486
1996:Q3,Next40,10604876,12741673,4213431,1091423,823304,2922456,973177,649787,2068095,2136797,1603659,452416,80722
1996:Q3,Bottom50,1080550,2901925,1416282,615121,84378,190565,163023,63786,368770,1821375,1079943,662302,79130
1996:Q4,TopPt1,3499224,3544690,246568,177732,1045893,16252,32860,868188,1157196,45466,19162,1814,24490
1996:Q4,RemainingTop1,4860876,5054032,673252,182375,1535269,156622,245120,1087953,1173442,193157,143546,10523,39088
1996:Q4,Next9,10320678,11158830,2323854,544959,1796820,2431450,887410,1106174,2068163,838152,657301,108410,72441
1996:Q4,Next40,10795588,12982435,4258243,1104639,869238,2939424,1065114,642283,2103494,2186847,1638490,469092,79265
1996:Q4,Bottom50,1057679,2896714,1385193,618288,89227,192709,174842,65131,371324,1839036,1079634,684038,75364
1997:Q1,TopPt1,3486831,3536524,250405,179911,1055729,18031,33561,898064,1100822,49693,20042,2219,27432
1997:Q1,RemainingTop1,4826777,5026077,687168,181847,1519780,164938,252093,1058947,1161305,199301,145511,12761,41029
1997:Q1,Next9,10498260,11357340,2362389,550774,1818177,2466564,885108,1212292,2062037,859081,670846,109420,78815
1997:Q1,Next40,10880810,13092010,4290167,1122302,891735,2964086,1080480,640740,2102500,2211199,1669558,457194,84447
1997:Q1,Bottom50,1088006,2909312,1379755,622268,92050,195019,175476,71404,373340,1821306,1074516,672581,74209
1997:Q2,TopPt1,3632602,3685968,254320,170520,1248151,19672,38681,890540,1064084,53365,20952,2435,29978
1997:Q2,RemainingTop1,5143505,5346126,698360,185940,1746968,173065,273949,1088814,1179031,202621,147727,12968,41926
1997:Q2,Next9,10923719,11811263,2391876,563872,2096489,2511201,965443,1200226,2082156,887544,685922,113858,87764
1997:Q2,Next40,11231221,13488244,4346270,1126924,998764,2997519,1197845,670121,2150801,2257023,1704022,464923,88078
1997:Q2,Bottom50,1130082,2960509,1400621,619785,103520,197516,187577,73826,377664,1830427,1073301,683853,73273
1997:Q3,TopPt1,3746611,3802072,260080,162630,1361717,21373,43033,900795,1052443,55461,22057,2653,30751
1997:Q3,RemainingTop1,5313625,5518898,697604,188429,1866214,181309,292805,1087635,1204902,205273,150861,13239,41173
1997:Q3,Next9,11289702,12217955,2431670,577903,2264747,2553510,1026166,1248220,2115739,928252,710159,118550,99543
1997:Q3,Next40,11480934,13788422,4372306,1140178,1072677,3028691,1294853,683944,2195773,2307488,1750134,474180,83174
1997:Q3,Bottom50,1180469,3032280,1442677,620919,111080,199977,197252,78071,382303,1851811,1083795,697182,70834
1997:Q4,TopPt1,3865353,3925405,265278,173245,1395294,23252,43609,947666,1077062,60052,23103,2745,34204
1997:Q4,RemainingTop1,5364000,5572166,726219,186375,1881482,189848,299371,1063992,1224879,208166,152672,11923,43571
1997:Q4,Next9,11576927,12536128,2501286,575517,2321664,2586435,1011371,1370676,2169179,959200,730938,124323,103939
1997:Q4,Next40,11608406,13963505,4424514,1157092,1109809,3051024,1303265,682019,2235782,2355099,1775894,489182,90023
1997:Q4,Bottom50,1169271,3026148,1416307,625798,115052,202270,197221,84248,385252,1856877,1071631,715992,69254
1998:Q1,TopPt1,4058656,4122629,271312,166813,1616469,24695,49286,945738,1048316,63973,24204,3101,36668
1998:Q1,RemainingTop1,5730565,5943634,742438,190657,2138798,197797,322228,1082192,1269524,213069,154986,13637,44446
1998:Q1,Next9,12120097,13112141,2558302,587969,2638953,2645160,1093808,1390108,2197842,992044,755109,125195,111740
1998:Q1,Next40,12036299,14415456,4494901,1167117,1232474,3097158,1429610,707628,2286568,2379157,1808309,477697,93151
1998:Q1,Bottom50,1251504,3090523,1443720,627581,127435,205048,209811,88421,388507,1839019,1066881,704412,67726
1998:Q2,TopPt1,4127542,4194609,275021,165134,1653084,24828,50105,940038,1086398,67067,25160,3263,38644
1998:Q2,RemainingTop1,5818531,6035314,787259,191240,2160152,202280,330225,1074506,1289653,216784,157997,13343,45444
1998:Q2,Next9,12371120,13396765,2616052,596850,2701289,2699009,1098113,1442345,2243106,1025645,774477,131143,120025
1998:Q2,Next40,12303041,14743194,4634490,1183776,1270226,3146752,1452098,722853,2332999,2440152,1853073,493921,93158
1998:Q2,Bottom50,1227618,3096626,1429612,630755,131757,208125,210493,94788,391096,1869008,1077432,726074,65502
1998:Q3,TopPt1,3985037,4056120,280853,144908,1438260,25166,45865,933027,1188041,71083,26170,3447,41466
1998:Q3,RemainingTop1,5540744,5762880,791953,190876,1863578,207128,322840,1095713,1290791,222136,160961,13271,47904
1998:Q3,Next9,12149448,13201692,2651238,622926,2417975,2740178,1006399,1446328,2316648,1052244,796906,136257,119081
1998:Q3,Next40,12275331,14771920,4733177,1207671,1193841,3184429,1359637,748691,2344475,2496590,1895734,505585,95271
1998:Q3,Bottom50,1278975,3166219,1512036,630389,124452,210971,198968,97653,391751,1887245,1085070,742159,60016
1998:Q4,TopPt1,4173623,4242194,292438,154515,1691676,24894,52037,940484,1086150,68571,25615,3274,39682
1998:Q4,RemainingTop1,6063764,6294717,839386,211423,2226500,211015,343364,1102379,1360650,230953,167271,13244,50438
1998:Q4,Next9,12944646,14011784,2749848,612256,2865164,2798814,1159158,1471049,2355495,1067137,810217,137697,119223
1998:Q4,Next40,12810502,15378322,4841584,1212739,1380134,3247617,1524491,755996,2415761,2567820,1943699,524219,99902
1998:Q4,Bottom50,1256999,3191419,1489090,642866,137166,211644,217757,95162,397734,1934420,1110640,762837,60943
1999:Q1,TopPt1,4093098,4158342,303817,145355,1641609,24880,52180,917704,1072797,65244,24894,3262,37088
1999:Q1,RemainingTop1,6124694,6367413,852145,230107,2209183,215347,345810,1140615,1374206,242719,173299,15130,54290
1999:Q1,Next9,13038160,14113446,2808485,617038,2876992,2841671,1204875,1420126,2344259,1075286,818188,135771,121327
1999:Q1,Next40,12993769,15606370,4917356,1220458,1401298,3296063,1555593,778195,2437407,2612601,1987705,525173,99723
1999:Q1,Bottom50,1297867,3255095,1542741,648348,136701,212015,222071,91041,402178,1957228,1132590,763062,61576
1999:Q2,TopPt1,4180669,4242543,315940,148238,1757386,24740,53677,916945,1025617,61874,24203,3144,34527
1999:Q2,RemainingTop1,6402354,6653325,885942,248170,2405358,219568,353049,1193396,1347842,250971,179889,15928,55154
1999:Q2,Next9,13420159,14522996,2899190,613807,3127252,2890925,1279322,1401605,2310895,1102837,829413,136109,137315
1999:Q2,Next40,13296097,15976566,5017667,1233981,1507155,3350371,1619789,808199,2439404,2680468,2038425,538554,103489
1999:Q2,Bottom50,1290269,3298281,1558243,660674,143834,212497,229877,89373,403783,2008011,1161270,777846,68895
1999:Q3,TopPt1,4119919,4178145,328503,139458,1617915,24831,50081,954826,1062531,58226,23776,2946,31504
1999:Q3,RemainingTop1,6309013,6570159,903828,263021,2273645,224193,343685,1234733,1327054,261146,187080,15854,58212
1999:Q3,Next9,13421525,14549597,2972734,621820,3004690,2926393,1251069,1451343,2321548,1128071,853031,137384,137656
1999:Q3,Next40,13329536,16082747,5125482,1256084,1475674,3391847,1564000,826327,2443333,2753211,2094162,557366,101683
1999:Q3,Bottom50,1314991,3375070,1628316,670350,139451,212723,224759,89932,409539,2060079,1193174,798345,68560
1999:Q4,TopPt1,4467134,4521615,339377,140405,1963509,24350,54459,965539,1033976,54481,23522,2615,28344
1999:Q4,RemainingTop1,6957036,7221141,945988,284139,2777021,228051,361560,1267551,1356830,264105,193234,14216,56655
1999:Q4,Next9,14340590,15529689,3060036,620051,3593454,2994550,1397100,1468820,2395679,1189100,882578,138954,167568
1999:Q4,Next40,13919534,16735285,5246038,1264147,1695574,3463625,1703876,844298,2517728,2815751,2131770,578449,105532
1999:Q4,Bottom50,1340207,3444870,1631566,682379,157619,213550,240286,89211,430260,2104664,1203371,819387,81906
2000:Q1,TopPt1,4544111,4595173,353731,136017,2045896,24197,55446,933751,1046135,51062,23241,2425,25396
2000:Q1,RemainingTop1,7230632,7496485,988490,302242,2940981,232451,368138,1313281,1350901,265853,198794,14133,52926
2000:Q1,Next9,14659454,15916271,3172591,626457,3798709,3043741,1465291,1394605,2414876,1256817,910420,137138,209259
2000:Q1,Next40,14310889,17164860,5413878,1286140,1776593,3517827,1759203,868230,2542990,2853971,2160504,581250,112217
2000:Q1,Bottom50,1406650,3530144,1685037,697071,163836,214032,247109,83946,439113,2123494,1203773,818819,100902
2000:Q2,TopPt1,4422030,4469818,367077,135705,1871470,24243,52868,976485,1041970,47788,22857,2123,22808
2000:Q2,RemainingTop1,7064715,7341748,1050190,317361,2764769,237207,362576,1294244,1315401,277033,205919,13173,57941
2000:Q2,Next9,14715277,15987485,3290162,629016,3624391,3081626,1459507,1518327,2384457,1272208,937080,138843,196285
2000:Q2,Next40,14422716,17350225,5623040,1311072,1725955,3561596,1728922,856809,2542831,2927509,2212724,604491,110294
2000:Q2,Bottom50,1403296,3571964,1710570,711558,158401,214313,244542,87452,445128,2168667,1230526,843140,95001
2000:Q3,TopPt1,4460327,4504365,381292,123067,1821165,24163,51962,1040589,1062127,44039,22495,1711,19833
2000:Q3,RemainingTop1,7096470,7380790,1079683,334677,2746529,241840,362846,1292679,1322536,284320,213088,11119,60113
2000:Q3,Next9,15013154,16317022,3388238,640854,3635232,3127235,1491370,1636820,2397273,1303868,964998,141837,197033
2000:Q3,Next40,14615366,17625580,5785389,1329145,1749238,3612608,1740200,849838,2559162,3010214,2264703,636077,109434
2000:Q3,Bottom50,1448176,3676064,1798481,720440,158069,214745,246325,88007,449997,2227888,1256527,876329,95032
2000:Q4,TopPt1,4320438,4361702,394416,132230,1511253,24308,47382,1066651,1185461,41263,21760,1290,18213
2000:Q4,RemainingTop1,6870841,7169317,1151892,345787,2367206,246867,349561,1329203,1378801,298476,219963,9159,69354
2000:Q4,Next9,14868578,16162739,3519208,633794,3233594,3160374,1439339,1662044,2514385,1294161,978800,145347,170014
2000:Q4,Next40,14671547,17766268,5990735,1355439,1622758,3652187,1658169,865738,2621241,3094721,2314287,671337,109097
2000:Q4,Bottom50,1387347,3667029,1791856,734506,144172,214963,237783,85804,457944,2279682,1281973,914134,83575
2001:Q1,TopPt1,4153957,4191174,411710,136024,1271686,24286,40485,1087507,1219475,37217,21020,1191,15006
2001:Q1,RemainingTop1,6790966,7103948,1273826,356089,2064360,251708,326904,1378000,1453062,312982,226591,10564,75827
2001:Q1,Next9,14787387,16060955,3710316,630152,2918941,3204178,1351099,1645288,2600981,1273569,992187,143657,137725
2001:Q1,Next40,14941059,18080207,6377473,1379731,1530840,3701805,1523790,887029,2679539,3139148,2359447,676361,103340
2001:Q1,Bottom50,1370532,3659264,1796996,744736,131717,215390,222046,79310,469070,2288732,1302115,917951,68666
2001:Q2,TopPt1,4240521,4274025,425948,130105,1373632,24127,41678,1102732,1175803,33504,20163,1157,12184
2001:Q2,RemainingTop1,7064591,7391730,1308535,374072,2240415,256547,334427,1419018,1458715,327139,235661,12924,78554
2001:Q2,Next9,15268435,16553228,3820567,633663,3168043,3262568,1413055,1640424,2614907,1284792,1006561,143806,134425
2001:Q2,Next40,15302019,18535369,6522180,1389215,1658753,3766993,1578837,908651,2710741,3233350,2439174,690842,103334
2001:Q2,Bottom50,1378968,3741892,1858165,751724,138502,215158,229204,74726,474413,2362924,1360642,935521,66761
2001:Q3,TopPt1,4055175,4086393,439973,122686,1066558,24210,34812,1110907,1287247,31219,20265,850,10104
2001:Q3,RemainingTop1,6728785,7060617,1336435,384951,1825676,261806,309958,1444271,1497521,331833,243847,12190,75796
2001:Q3,Next9,14878995,16258857,3918758,638567,2695764,3308208,1319981,1656445,2721134,1379863,1053909,143767,182187
2001:Q3,Next40,15188126,18506759,6669121,1408920,1484916,3820620,1439784,925213,2758184,3318633,2500273,707248,111112
2001:Q3,Bottom50,1366127,3797216,1939011,756188,120678,214707,212116,73012,481504,2431090,1392207,950297,88586
2001:Q4,TopPt1,4170057,4201216,450626,138228,1265354,24463,37601,1082357,1202587,31159,20032,1350,9777
2001:Q4,RemainingTop1,7192885,7548492,1410108,379320,2095230,255813,320530,1525788,1561703,355608,252669,14391,88548
2001:Q4,Next9,15460830,16749148,4004781,651866,3018143,3392884,1387470,1539714,2754289,1288317,1008627,150387,129303
2001:Q4,Next40,15622329,19067603,6856120,1427478,1624198,3872818,1516697,976228,2794064,3445274,2605611,737031,102632
2001:Q4,Bottom50,1318074,3807557,1933679,767368,127905,214371,218476,66795,478963,2489483,1437995,988667,62821
2002:Q1,TopPt1,4193128,4226677,462452,157318,1289128,25106,39867,1086226,1166580,33550,21970,1785,9795
2002:Q1,RemainingTop1,7314806,7686051,1489662,368855,2114289,250362,328563,1553999,1580321,371245,260844,15416,94985
2002:Q1,Next9,15694691,17010625,4106794,657776,3019081,3456348,1428742,1551683,2790200,1315934,1041117,150653,124164
2002:Q1,Next40,15887531,19412607,7053516,1442000,1615284,3905337,1573015,1000132,2823322,3525076,2690400,733750,100926
2002:Q1,Bottom50,1315419,3804908,1923846,772322,124510,213659,223043,68112,479415,2489489,1448076,981912,59501
2002:Q2,TopPt1,4075178,4110045,475697,179376,1148107,25868,35218,1071288,1174490,34867,23838,2095,8934
2002:Q2,RemainingTop1,7177835,7565448,1551298,353768,1894238,245039,308522,1616150,1596433,387613,270265,15259,102089
2002:Q2,Next9,15447771,16779883,4212902,662802,2730071,3514450,1346468,1499860,2813330,1332112,1074304,154149,103659
2002:Q2,Next40,15803841,19441770,7207729,1467651,1485627,3932824,1466321,1041989,2839628,3637929,2792824,748964,96141
2002:Q2,Bottom50,1270860,3794651,1937783,779375,111587,212852,206626,67312,479117,2523792,1477898,997177,48717
2002:Q3,TopPt1,3868379,3905442,490471,185263,896735,26632,30205,1075138,1200998,37063,25181,2574,9308
2002:Q3,RemainingTop1,6839586,7250535,1578383,341216,1509016,239663,285718,1664038,1632500,410948,280636,17195,113117
2002:Q3,Next9,15087128,16419413,4299260,684184,2234093,3573929,1255906,1490434,2881607,1332285,1089346,157514,85425
2002:Q3,Next40,15595223,19361666,7341864,1495369,1263219,3961481,1348915,1075130,2875688,3766443,2911217,761554,93672
2002:Q3,Bottom50,1285299,3864618,2039192,784735,91745,212067,188539,67757,480583,2579319,1527241,1012771,39307
2002:Q4,TopPt1,3815556,3853965,503146,189615,984652,27126,32169,905867,1211390,38409,26644,2966,8799
2002:Q4,RemainingTop1,7046479,7474202,1627284,335420,1619667,233805,293556,1643651,1720819,427722,291050,18211,118461
2002:Q4,Next9,15499268,16850445,4377367,704857,2356291,3650965,1321315,1480451,2959199,1351176,1108808,161778,80590
2002:Q4,Next40,15935469,19836641,7514948,1507907,1313571,4006222,1413062,1135508,2945422,3901171,3029415,779852,91904
2002:Q4,Bottom50,1315853,3960885,2098234,788406,92379,211588,192810,95159,482309,2645032,1575209,1034201,35622
2003:Q1,TopPt1,3807840,3848603,515238,211530,928503,28084,32170,947899,1185179,40763,27887,3609,9267
2003:Q1,RemainingTop1,7030846,7478969,1711594,322853,1520405,228588,292467,1668258,1734804,448123,300929,22064,125130
2003:Q1,Next9,15635449,17002328,4482417,706033,2212726,3701585,1337027,1538788,3023753,1366879,1118455,161879,86545
2003:Q1,Next40,16056470,20062776,7715625,1519058,1242532,4026393,1423037,1150670,2985461,4006306,3141226,773248,91832
2003:Q1,Bottom50,1251444,3933636,2075577,790119,84464,210625,190698,95746,486406,2682192,1616836,1028324,37032
2003:Q2,TopPt1,4110360,4153638,527633,223289,1165499,28822,37391,971110,1199893,43278,29854,4047,9377
2003:Q2,RemainingTop1,7531062,7985390,1785897,317593,1845182,222952,314188,1739532,1760046,454328,312933,23701,117694
2003:Q2,Next9,16250173,17728220,4575810,719898,2583235,3766551,1464009,1512318,3106399,1478046,1159832,165142,153072
2003:Q2,Next40,16532397,20694836,7923240,1529588,1389756,4059624,1566200,1188792,3037637,4162440,3278791,785690,97959
2003:Q2,Bottom50,1179494,3970517,2086696,795726,92389,209902,205021,92495,488288,2791022,1682089,1043350,65583
2003:Q3,TopPt1,4216293,4261610,541683,226012,1272811,29684,38483,992509,1160428,45318,32265,4336,8717
2003:Q3,RemainingTop1,7777714,8250702,1833574,311361,1976393,217424,317868,1828994,1765089,472988,324175,23361,125452
2003:Q3,Next9,16497806,18017900,4661338,744032,2715135,3825130,1505430,1451964,3114870,1520094,1218274,168919,132901
2003:Q3,Next40,16757452,21056999,8111742,1548012,1433959,4086745,1605185,1234213,3037143,4299547,3402690,802589,94268
2003:Q3,Bottom50,1199210,4045481,2163754,801453,92167,209046,206326,86472,486262,2846270,1730459,1060471,55340
2003:Q4,TopPt1,4527576,4581535,561724,232899,1493990,30441,43329,1026307,1192845,53959,33585,4773,15601
2003:Q4,RemainingTop1,8179506,8696366,1854578,307295,2265205,211645,337261,1870887,1849496,516860,335095,25144,156621
2003:Q4,Next9,17269503,18775460,4801985,764681,3020887,3890840,1627675,1473042,3196350,1505957,1231757,172937,101263
2003:Q4,Next40,17121627,21569425,8238183,1563515,1539060,4120213,1739653,1257898,3110902,4447797,3528852,819009,99936
2003:Q4,Bottom50,1292100,4200316,2292072,809275,96336,208293,218971,85072,490297,2908216,1785586,1081069,41561
2004:Q1,TopPt1,5051678,5107789,577448,247546,1620469,30518,44154,1097550,1490104,56111,35133,5308,15670
2004:Q1,RemainingTop1,8612021,9144829,1993910,299481,2416925,204704,339819,1864410,2025580,532808,344805,27840,160163
2004:Q1,Next9,18143116,19681596,4953792,780469,3162025,3998197,1670364,1605219,3511530,1538480,1252879,173165,112436
2004:Q1,Next40,17749229,22300169,8640375,1589060,1576046,4191837,1775021,1255164,3272667,4550941,3636681,814334,99926
2004:Q1,Bottom50,1265168,4206491,2278086,821203,95346,208250,219430,87755,496421,2941323,1820203,1075824,45296
2004:Q2,TopPt1,5107838,5167019,597071,245467,1624134,31763,44667,1207087,1416831,59181,37448,5739,15994
2004:Q2,RemainingTop1,8667970,9219490,2049037,294724,2396249,200820,340891,1927353,2010416,551521,356978,29347,165196
2004:Q2,Next9,18422309,20028661,5091290,811721,3106503,4105388,1698461,1707225,3508073,1606352,1308688,175307,122357
2004:Q2,Next40,17954924,22650412,8902609,1613324,1539284,4251005,1798669,1278090,3267432,4695488,3774494,820973,100021
2004:Q2,Bottom50,1322318,4336551,2408467,829875,88903,208948,218900,86440,495018,3014233,1882633,1083173,48427
2004:Q3,TopPt1,5350819,5409524,623948,265078,1657478,32970,44384,1323110,1462556,58705,39265,6102,13338
2004:Q3,RemainingTop1,8825078,9390936,2125335,283093,2418658,196780,338722,1984882,2043466,565858,368734,30198,166926
2004:Q3,Next9,18947688,20582098,5335011,817247,3088947,4215840,1717249,1844587,3563217,1634410,1343114,179901,111395
2004:Q3,Next40,18187395,23032614,9174024,1628413,1506919,4312734,1805718,1299942,3304864,4845219,3909954,841354,93911
2004:Q3,Bottom50,1351191,4444486,2514758,834006,83496,209673,216049,88948,497556,3093295,1944337,1107320,41638
2004:Q4,TopPt1,5703617,5762986,630430,254521,1840615,42162,51122,1386445,1557691,59369,39728,5664,13977
2004:Q4,RemainingTop1,9281360,9831000,2205901,295694,2632556,217264,375026,2054224,2050335,549639,370822,28537,150280
2004:Q4,Next9,19675206,21435131,5536969,836665,3351456,4300240,1836455,1868393,3704953,1759925,1418893,184965,156067
2004:Q4,Next40,18818053,23754649,9497667,1650964,1577375,4378987,1931212,1317002,3401443,4936597,3974343,863829,98425
2004:Q4,Bottom50,1356689,4612974,2609729,860327,91026,213691,233593,90143,514465,3256285,2055363,1137124,63798
2005:Q1,TopPt1,5778383,5836444,637794,253623,1862666,52102,52282,1448384,1529594,58061,38695,5751,13615
2005:Q1,RemainingTop1,9392249,9940339,2284982,301782,2623498,238944,388269,2074627,2028237,548090,372850,33799,141441
2005:Q1,Next9,20050552,21824731,5756795,843838,3370787,4343988,1834530,1959325,3715469,1774179,1434611,184092,155476
2005:Q1,Next40,19105596,24103524,9789652,1672771,1564007,4407619,1915155,1314865,3439455,4997928,4051790,849282,96856
2005:Q1,Bottom50,1354138,4741789,2688641,883071,92564,216994,234707,96138,529673,3387651,2191073,1132050,64528
2005:Q2,TopPt1,6029050,6089934,650323,263622,1947817,61961,55919,1521534,1588758,60884,39068,5497,16319
2005:Q2,RemainingTop1,9672915,10222660,2349654,307406,2697862,260501,411762,2163473,2032002,549746,375538,34366,139842
2005:Q2,Next9,20580599,22434982,6032868,841684,3483735,4396649,1887967,2005235,3786844,1854383,1511489,186838,156056
2005:Q2,Next40,19472025,24558659,10026963,1695597,1581971,4444285,1961929,1345824,3502090,5086634,4130117,857791,98726
2005:Q2,Bottom50,1359913,4898515,2785574,909985,96421,220450,243033,101315,541737,3538602,2323487,1147897,67218
2005:Q3,TopPt1,6226518,6289071,662981,252153,2089227,71921,60645,1624696,1527448,62553,39473,5180,17900
2005:Q3,RemainingTop1,9981235,10528832,2405648,316679,2845823,282215,439473,2236903,2002091,547597,378197,34147,135253
2005:Q3,Next9,21181480,23115777,6283539,855223,3676599,4447004,1952114,2118400,3782898,1934297,1591253,191044,152000
2005:Q3,Next40,19871761,25055370,10318779,1706723,1622313,4478655,2029193,1366834,3532873,5183608,4209598,874737,99273
2005:Q3,Bottom50,1420290,5120705,2945814,927132,102343,223858,254342,109154,558063,3700415,2459469,1173277,67669
2005:Q4,TopPt1,6428502,6493690,671566,241166,2150721,81925,64870,1699458,1583984,65187,39721,4848,20618
2005:Q4,RemainingTop1,10223889,10773274,2469158,325829,2884910,303991,465186,2279792,2044408,549385,379649,33680,136056
2005:Q4,Next9,21741184,23734169,6497593,869867,3749193,4498022,2011116,2224617,3883760,1992984,1664377,194983,133624
2005:Q4,Next40,20299570,25563700,10608626,1722397,1620568,4513459,2086028,1377474,3635148,5264129,4274229,890446,99454
2005:Q4,Bottom50,1467001,5308418,3068546,946968,105371,227267,264154,117772,578341,3841417,2582422,1196598,62397
2006:Q1,TopPt1,6834006,6902810,674756,250124,2468915,91901,68920,1732158,1616035,68803,40630,4544,23629
2006:Q1,RemainingTop1,10589442,11133677,2432176,332374,3260704,325710,490216,2254213,2038284,544235,381826,33373,129036
2006:Q1,Next9,22501054,24618196,6626432,866421,4194090,4553784,2068819,2334932,3973718,2117142,1765524,197017,154601
2006:Q1,Next40,20407306,25751312,10518110,1739640,1736756,4552458,2139215,1360831,3704302,5344006,4344121,895854,104031
2006:Q1,Bottom50,1483265,5472847,3161603,972296,117494,230744,273419,126815,590476,3989582,2707441,1206797,75344
2006:Q2,TopPt1,6834523,6906895,675549,239583,2407279,102068,69939,1789157,1623320,72373,40983,4517,26873
2006:Q2,RemainingTop1,10480615,11026064,2455429,340101,3131481,347716,502696,2225815,2022826,545449,384183,35503,125763
2006:Q2,Next9,22662517,24865047,6742289,880255,4089177,4600407,2060311,2484990,4007618,2202530,1846766,198076,157688
2006:Q2,Next40,20455421,25881818,10654675,1757152,1682581,4582878,2117980,1340307,3746246,5426397,4423964,895483,106950
2006:Q2,Bottom50,1458317,5605455,3250534,992252,116093,234043,274111,136783,601639,4147139,2850754,1216032,80353
2006:Q3,TopPt1,7035814,7110630,674961,224443,2518672,112100,73998,1859279,1647177,74816,40868,4657,29291
2006:Q3,RemainingTop1,10682559,11221857,2457586,351622,3228737,369487,527679,2246679,2040067,539298,384540,37048,117710
2006:Q3,Next9,23115862,25399160,6829660,898605,4232911,4657453,2116102,2585584,4078845,2283298,1907896,202065,173337
2006:Q3,Next40,20646993,26151032,10736139,1771002,1704699,4622722,2169854,1337638,3808978,5504040,4479913,913688,110439
2006:Q3,Bottom50,1442655,5760893,3350443,1012776,120797,237502,283311,142920,613144,4318238,2973445,1253984,90809
2006:Q4,TopPt1,7280448,7358800,675062,220203,2758564,122061,79687,1914571,1588653,78353,40577,4479,33297
2006:Q4,RemainingTop1,11032600,11559317,2427364,361125,3490864,391124,559200,2269463,2060177,526717,382404,36569,107744
2006:Q4,Next9,23701277,26075823,6915349,904458,4560633,4720435,2201202,2669635,4104111,2374546,1958422,205657,210467
2006:Q4,Next40,20837188,26386184,10687745,1779989,1784650,4667863,2257744,1340180,3868013,5548997,4500391,929285,119321
2006:Q4,Bottom50,1469819,5921876,3443479,1032733,129910,241038,296921,149457,628339,4452057,3058458,1280726,112873
2007:Q1,TopPt1,7582989,7662049,669987,229409,2934363,132209,82777,1943421,1669883,79060,41027,4744,33289
2007:Q1,RemainingTop1,11166260,11687060,2358192,365886,3666425,413035,579997,2197901,2105624,520800,381526,39186,100088
2007:Q1,Next9,24263599,26709093,6939123,898168,4795626,4772807,2231487,2809956,4261926,2445495,2039343,203641,202511
2007:Q1,Next40,20801298,26363751,10460358,1795003,1837054,4703088,2283285,1301435,3983529,5562453,4531574,914879,116000
2007:Q1,Bottom50,1498235,6036291,3489841,1056098,136692,244357,303260,158109,647935,4538057,3148976,1277721,111360
2007:Q2,TopPt1,7725918,7805305,662492,228375,3047378,141264,88663,1970216,1666918,79387,40994,4479,33914
2007:Q2,RemainingTop1,11173487,11676311,2321364,375264,3758513,432146,612359,2102987,2073678,502824,380328,38586,83910
2007:Q2,Next9,24651572,27209214,6948740,901837,4940547,4832391,2325361,2988141,4272198,2557643,2102819,206910,247914
2007:Q2,Next40,20793342,26406672,10339995,1806767,1862522,4756136,2376760,1255986,4008506,5613330,4564509,928044,120777
2007:Q2,Bottom50,1452877,6134730,3519926,1079072,141269,247807,317237,169681,659738,4681853,3248643,1298947,134263
2007:Q3,TopPt1,7929361,8013071,648173,221785,3100146,150409,92186,1974840,1825532,83711,40523,4627,38561
2007:Q3,RemainingTop1,11289475,11791138,2302222,383204,3770619,451372,634954,2028258,2220509,501664,378607,39493,83564
2007:Q3,Next9,25091816,27679707,6899378,908501,5003101,4885993,2367113,3104739,4510882,2587891,2150582,212009,225300
2007:Q3,Next40,20879669,26551817,10251919,1816352,1868923,4803588,2412922,1221793,4176319,5672148,4595918,953363,122867
2007:Q3,Bottom50,1347334,6178204,3503198,1097514,143708,251112,324655,178702,679314,4830869,3353817,1346059,130993
2007:Q4,TopPt1,7843146,7931039,658480,234573,2917617,139273,85845,1941646,1953605,87893,43566,4889,39438
2007:Q4,RemainingTop1,11112498,11612261,2256453,373248,3549766,462509,630005,1978346,2361934,499763,379368,40126,80269
2007:Q4,Next9,25046122,27681772,6861598,914490,4781639,4923803,2363447,3113935,4722859,2635650,2175192,214556,245902
2007:Q4,Next40,20677530,26390346,10041808,1843840,1800310,4884759,2359629,1210887,4249113,5712816,4612046,971832,128938
2007:Q4,Bottom50,1212398,6148822,3473345,1107790,134873,245783,319919,181636,685476,4936424,3414812,1378075,143537
2008:Q1,TopPt1,7488287,7580983,664443,236849,2647877,128266,75564,1730624,2097360,92696,46433,5714,40549
2008:Q1,RemainingTop1,10770055,11271006,2122624,362457,3213505,473814,607223,1987219,2504164,500951,379248,44679,77024
2008:Q1,Next9,24412649,27090454,6721995,930942,4444229,4951300,2264351,2817364,4960273,2677804,2191835,211285,274684
2008:Q1,Next40,20212264,25923399,9610030,1876238,1716395,4956334,2207153,1256179,4301070,5711135,4615949,959175,136011
2008:Q1,Bottom50,1147272,6151484,3500906,1115999,122823,240244,303571,179585,688356,5004211,3463134,1381156,159921
2008:Q2,TopPt1,7222672,7317952,660253,227178,2522004,117043,70863,1654029,2066583,95280,50399,5654,39227
2008:Q2,RemainingTop1,10494576,10998402,2065749,356046,3066287,484750,607465,1902844,2515261,503826,377353,41628,84845
2008:Q2,Next9,24133836,26805336,6526931,954474,4294165,4990721,2271066,2836901,4931078,2671500,2245108,211604,214788
2008:Q2,Next40,19947103,25616189,9365220,1893734,1664277,5038769,2180516,1242042,4231632,5669087,4573166,967890,128031
2008:Q2,Bottom50,1096693,6061354,3426703,1116377,116021,234896,302457,187865,677035,4964661,3436845,1393677,134139
2008:Q3,TopPt1,6789794,6891389,652996,234102,2154153,105979,59936,1518266,2165957,101595,51750,6570,43275
2008:Q3,RemainingTop1,10040615,10536171,2052895,344247,2609452,495909,578959,1841868,2612840,495556,374257,46914,74385
2008:Q3,Next9,23363247,26075703,6340986,962539,3782803,5019812,2154920,2729286,5085357,2712457,2201143,210439,300875
2008:Q3,Next40,19551031,25217394,9170921,1916016,1493350,5111582,2009290,1240723,4275512,5666362,4551318,966389,148655
2008:Q3,Bottom50,798896,5868419,3261348,1119865,100817,229364,282532,192122,682370,5069523,3475409,1413501,180613
2008:Q4,TopPt1,6138904,6248866,657797,247990,1624654,95202,45414,1366374,2211435,109963,53380,7053,49530
2008:Q4,RemainingTop1,9305905,9841016,1977537,323747,1944005,507487,527835,1744699,2815707,535111,370049,49583,115479
2008:Q4,Next9,22562419,25044679,6241372,955699,3023745,5031613,1919705,2618540,5254004,2482260,2164817,208599,108844
2008:Q4,Next40,18857097,24462032,8854278,1927091,1261871,5168357,1730998,1223653,4295785,5604935,4506903,960604,137428
2008:Q4,Bottom50,752386,5756547,3216206,1110731,79192,223537,249207,194761,682913,5004162,3482111,1417950,104101
2009:Q1,TopPt1,5855659,5968530,669842,252953,1416150,84749,38809,1240816,2265210,112871,55005,8123,49743
2009:Q1,RemainingTop1,8854476,9402676,1843364,310030,1693669,519547,514417,1661193,2860456,548200,367772,57458,122970
2009:Q1,Next9,22126423,24529329,6179735,957272,2717519,5024434,1877826,2475101,5297442,2402906,2131614,200883,70409
2009:Q1,Next40,18307974,23858933,8446066,1930005,1142183,5207536,1652091,1192149,4288903,5550959,4494054,921381,135524
2009:Q1,Bottom50,779271,5786734,3288779,1101020,69490,217395,239516,190880,679654,5007463,3528582,1390297,88584
2009:Q2,TopPt1,5757455,5874408,666536,245177,1757991,73791,41528,1032380,2057006,116954,57717,8366,50871
2009:Q2,RemainingTop1,9348221,9891495,1826103,307019,2144001,530869,552681,1682792,2848030,543274,365189,58517,119568
2009:Q2,Next9,22204724,24622464,6022675,973579,3265150,5049667,2076068,2056814,5178511,2417740,2140341,197429,79970
2009:Q2,Next40,18545687,24051862,8293192,1927362,1302122,5276545,1817666,1210148,4224827,5506174,4457333,906819,142022
2009:Q2,Bottom50,674805,5677116,3180774,1094838,80232,211836,261402,175760,672275,5002311,3526233,1377742,98336
2009:Q3,TopPt1,6107536,6228326,664830,233406,2110429,62800,44698,990040,2122123,120790,59405,9151,52234
2009:Q3,RemainingTop1,9849280,10388721,1831227,304578,2612859,542201,592935,1638196,2866726,539441,361526,62559,115356
2009:Q3,Next9,22917905,25320766,5886528,991082,3817195,5078576,2290515,2008371,5248500,2402861,2107242,195545,100074
2009:Q3,Next40,18886902,24358641,8217171,1917839,1455172,5348948,1998837,1189569,4231104,5471739,4420334,901651,149754
2009:Q3,Bottom50,539885,5583057,3074210,1084005,90598,206368,284923,173949,669003,5043173,3540941,1389804,112428
2009:Q4,TopPt1,6077574,6201289,672523,243571,2174404,52069,43343,940329,2075049,123715,62015,9675,52025
2009:Q4,RemainingTop1,10003335,10533894,1826037,297676,2711751,554000,609436,1646520,2888474,530559,358530,64305,107724
2009:Q4,Next9,23010095,25439745,5853194,996600,3933757,5093668,2396846,1886319,5279361,2429650,2113125,193117,123408
2009:Q4,Next40,18951347,24378400,8107773,1932494,1471542,5408646,2065198,1192977,4199770,5427053,4377314,894366,155373
2009:Q4,Bottom50,463584,5514055,3004657,1089679,90713,200690,293506,168893,665918,5050472,3530318,1393553,126601
2010:Q1,TopPt1,6311000,6444879,679681,242845,2314716,40035,42200,1007046,2118355,133879,64326,10326,59227
2010:Q1,RemainingTop1,10233227,10764414,1849151,290629,2910446,564066,627163,1637523,2885437,531188,353383,67222,110583
2010:Q1,Next9,23510060,25951351,5816333,1005135,4163348,5189561,2501280,1963025,5312668,2441290,2105572,186158,149560
2010:Q1,Next40,19249293,24597642,8097483,1930200,1519554,5543124,2134803,1176468,4196010,5348349,4303263,862324,182762
2010:Q1,Bottom50,425392,5430722,2928957,1081894,93351,196441,302943,167849,659288,5005330,3484074,1367028,154228
2010:Q2,TopPt1,6323720,6460862,688322,248180,2087308,27794,34224,1130807,2244228,137142,67150,10568,59424
2010:Q2,RemainingTop1,9960708,10485964,1866743,275185,2631682,572879,608032,1661426,2870017,525255,350114,67068,108073
2010:Q2,Next9,23345046,25817277,5793399,1005715,3845635,5261961,2425590,2113489,5371489,2472232,2123763,183536,164933
2010:Q2,Next40,19126100,24417700,8070463,1932055,1406114,5662245,2020112,1174178,4152533,5291600,4249790,853989,187821
2010:Q2,Bottom50,332556,5313393,2860858,1069673,83692,191364,288703,169853,649250,4980837,3452257,1363292,165288
2010:Q3,TopPt1,6666155,6804132,703299,243288,2369436,15044,35758,1201401,2235906,137976,69333,11198,57445
2010:Q3,RemainingTop1,10411068,10928470,1802371,270744,3015697,581200,641493,1727393,2889572,517402,346296,68847,102259
2010:Q3,Next9,24146842,26617372,5800155,1018423,4289579,5367456,2617303,2108472,5415984,2470530,2114990,182890,172650
2010:Q3,Next40,19398155,24639155,7895459,1926628,1517135,5812258,2170323,1190825,4126528,5241000,4198886,857173,184941
2010:Q3,Bottom50,398280,5386199,2930542,1061197,90967,186897,307927,164919,643750,4987919,3435184,1383618,169117
2010:Q4,TopPt1,6943622,7074073,698682,259786,2608084,15171,43165,1273336,2175849,130451,65424,10787,54240
2010:Q4,RemainingTop1,10835862,11342451,1793868,278715,3298885,556042,661166,1740963,3012812,506590,344509,61534,100547
2010:Q4,Next9,24703715,27192712,5746325,1009727,4611303,5512281,2740722,2153195,5419159,2488997,2082082,194626,212289
2010:Q4,Next40,19662423,24925914,7762949,1921436,1632167,5927496,2331471,1185567,4164828,5263491,4165745,917655,180091
2010:Q4,Bottom50,373480,5358689,2872615,1065776,99530,192371,321179,158545,648673,4985209,3334520,1462209,188480
2011:Q1,TopPt1,7196913,7321210,685812,268549,2820806,16562,49625,1340479,2139377,124297,62797,11265,50235
2011:Q1,RemainingTop1,11097484,11604146,1820618,287689,3546962,532691,673414,1712181,3030591,506662,346639,61726,98297
2011:Q1,Next9,25035455,27579614,5611728,1011930,4890835,5584560,2796531,2237281,5446748,2544159,2107366,192905,243888
2011:Q1,Next40,19887569,25135950,7696602,1926256,1735958,5975782,2448917,1161720,4190714,5248381,4173658,902938,171785
2011:Q1,Bottom50,335310,5258653,2736950,1073815,107249,196650,329927,153887,660175,4923344,3261303,1459475,202566
2011:Q2,TopPt1,7303716,7420955,679511,291573,2820605,18080,52959,1360568,2197659,117239,59562,11104,46573
2011:Q2,RemainingTop1,11208278,11716305,1879437,291751,3517221,509506,669742,1735416,3113232,508027,347919,58415,101693
2011:Q2,Next9,25056278,27603262,5563913,1002150,4861025,5652183,2790233,2197157,5536601,2546983,2105541,195991,245451
2011:Q2,Next40,20081366,25332199,7707713,1937979,1752014,6019861,2489891,1168147,4256594,5250833,4179086,912447,159300
2011:Q2,Bottom50,261814,5135535,2595815,1085597,108098,200895,327980,146058,671092,4873721,3196594,1475119,202008
2011:Q3,TopPt1,7125668,7239491,681664,288743,2366971,20136,48088,1403131,2430758,113822,56503,11350,45969
2011:Q3,RemainingTop1,10598663,11118867,1827820,293741,2901178,487050,626332,1783086,3199659,520204,349502,56342,114360
2011:Q3,Next9,24375121,26892665,5540974,1013086,4172155,5690010,2578590,2166484,5731367,2517545,2111284,199687,206574
2011:Q3,Next40,19741997,25007341,7591266,1949620,1574270,6036449,2315113,1184209,4356413,5265344,4186410,927332,151602
2011:Q3,Bottom50,369846,5200122,2690968,1085439,94086,204670,300104,138001,686854,4830276,3130873,1507465,191938
2011:Q4,TopPt1,7333996,7443537,682585,301990,2539932,21496,55560,1493662,2348312,109541,53160,11332,45049
2011:Q4,RemainingTop1,10817214,11344126,1800697,302764,3095533,463489,642248,1761374,3278021,526912,351129,53262,122521
2011:Q4,Next9,24914615,27418753,5534732,1007740,4396216,5771966,2667596,2294559,5745945,2504138,2106115,204550,193473
2011:Q4,Next40,19902519,25195975,7458120,1943325,1664483,6093819,2461494,1165238,4409496,5293456,4199114,946873,147469
2011:Q4,Bottom50,439071,5248860,2702524,1088879,100659,209247,310684,135713,701154,4809789,3075978,1540209,193602
2012:Q1,TopPt1,7643841,7747632,678320,325250,2906728,22679,65669,1520922,2228064,103791,50715,11627,41449
2012:Q1,RemainingTop1,11275488,11800327,1825405,311834,3539128,439531,668243,1725177,3291010,524839,352513,51389,120937
2012:Q1,Next9,25556371,28118273,5500121,996938,4894361,5866548,2826936,2355867,5677501,2561902,2134656,203761,223485
2012:Q1,Next40,20299434,25570275,7388377,1944816,1833899,6162799,2677273,1148962,4414148,5270840,4193770,937044,140026
2012:Q1,Bottom50,465385,5198633,2602065,1100202,113591,214077,327824,133961,706913,4733248,2985620,1541220,206408
2012:Q2,TopPt1,7686948,7785674,680031,328841,2818152,24507,67433,1554975,2311734,98725,47563,11528,39634
2012:Q2,RemainingTop1,11182914,11714594,1887750,316768,3394540,416364,655246,1747788,3296138,531680,353693,47209,130778
2012:Q2,Next9,25461943,28011263,5514478,999871,4737257,5924008,2744636,2384882,5706131,2549321,2135592,208159,205570
2012:Q2,Next40,20426610,25707610,7515013,1944659,1812398,6197407,2661653,1163874,4412607,5281000,4196663,953964,130373
2012:Q2,Bottom50,466894,5154653,2566570,1098955,111621,218298,319632,132647,706930,4687759,2916221,1569607,201931
2012:Q3,TopPt1,8014990,8107721,688606,333425,3022504,26015,75033,1635201,2326937,92731,43753,11731,37247
2012:Q3,RemainingTop1,11572206,12104803,1913773,325873,3626542,392537,667139,1790162,3388777,532597,355159,45768,131670
2012:Q3,Next9,26059304,28611309,5591085,1002353,4998094,6002004,2816167,2459088,5742518,2552005,2113956,213080,224969
2012:Q3,Next40,20829154,26140875,7588291,1939397,1914709,6250866,2800454,1182678,4464480,5311721,4213453,973089,125179
2012:Q3,Bottom50,537006,5227799,2614237,1099687,119252,222899,327603,131355,712766,4690793,2871351,1606784,212658
2012:Q4,TopPt1,8185250,8272902,694898,343552,3057799,27733,79578,1696511,2372832,87652,41763,11328,34561
2012:Q4,RemainingTop1,11699529,12226330,1950052,331576,3640365,368825,665139,1809967,3460407,526801,356720,36844,133237
2012:Q4,Next9,26338287,28937011,5650538,1002405,5016640,6068165,2813889,2532739,5852636,2598725,2156476,219003,223246
2012:Q4,Next40,21091340,26416647,7661227,1945143,1945707,6293254,2860406,1193611,4517299,5325307,4206170,1000528,118609
2012:Q4,Bottom50,625705,5263028,2626221,1104811,121371,227314,326303,130965,726043,4637323,2775944,1645202,216177
2013:Q1,TopPt1,8569191,8650251,703327,360288,3464924,26952,89383,1755678,2249699,81060,35811,12156,33093
2013:Q1,RemainingTop1,12295744,12837334,2067835,341208,4131796,341073,683338,1836165,3435919,541589,358031,44709,138849
2013:Q1,Next9,27351621,29862267,5763948,995715,5557120,6285841,2922228,2580121,5757294,2510646,2063621,219136,227889
2013:Q1,Next40,21854404,27203405,7909942,1942032,2129656,6475283,3047247,1204823,4494421,5349001,4248252,988043,112706
2013:Q1,Bottom50,582963,5236291,2558292,1111711,135608,234370,338508,128091,729711,4653328,2782371,1649755,221202
2013:Q2,TopPt1,8674092,8749775,715722,365336,3524104,25996,94306,1882981,2141331,75683,32534,11890,31259
2013:Q2,RemainingTop1,12361419,12905713,2149229,348445,4174473,312243,680942,1853226,3387155,544294,360049,39831,144414
2013:Q2,Next9,27779414,30297486,5895266,996259,5607130,6489409,2915268,2741956,5652198,2518072,2064852,224234,228986
2013:Q2,Next40,22267344,27645884,8138177,1935574,2172384,6639177,3110062,1204837,4445674,5378541,4264725,1006734,107082
2013:Q2,Bottom50,642859,5275740,2587142,1110031,138533,241243,336860,127815,734116,4632881,2727761,1677505,227615
2013:Q3,TopPt1,9011541,9081763,727914,360411,3736103,24798,103802,2016125,2112610,70222,29476,12099,28647
2013:Q3,RemainingTop1,12735728,13282426,2226972,359407,4413438,282734,695171,1875052,3429652,546699,363307,37233,146159
2013:Q3,Next9,28622180,31167166,6014342,1007953,5867762,6706908,3008797,2906602,5654803,2544986,2077067,229721,238198
2013:Q3,Next40,22947117,28373620,8387580,1931288,2275157,6815597,3284300,1206239,4473459,5426503,4297342,1029897,99264
2013:Q3,Bottom50,721456,5362758,2641299,1109878,146415,248355,346421,127462,742928,4641301,2689086,1721354,230861
2013:Q4,TopPt1,9227743,9298990,740500,366331,3973922,25503,116628,2096978,1979128,71247,30760,12123,28364
2013:Q4,RemainingTop1,13239676,13772455,2282019,362227,4714795,288874,729103,1983146,3412291,532779,368586,38911,125282
2013:Q4,Next9,29288568,31924202,6114864,1005342,6180401,6918835,3195026,2883471,5626263,2635634,2061382,236053,338199
2013:Q4,Next40,23459943,28961277,8581974,1936764,2348048,6971156,3418787,1220685,4483863,5501334,4323409,1060109,117816
2013:Q4,Bottom50,698300,5375073,2631271,1108909,151881,250317,361091,122395,749208,4676773,2652913,1743271,280589
2014:Q1,TopPt1,9547955,9621668,752915,384249,4197343,28500,123945,2119510,2015206,73713,32452,12744,28517
2014:Q1,RemainingTop1,13702555,14244042,2338760,357492,4997422,298587,742820,2050714,3458247,541487,373212,44395,123880
2014:Q1,Next9,29893959,32530518,6223534,990018,6473812,6992321,3264939,2819752,5766143,2636559,2056786,236913,342860
2014:Q1,Next40,23801361,29318256,8747309,1946515,2416364,6998803,3422957,1223394,4562913,5516895,4334823,1062217,119855
2014:Q1,Bottom50,725205,5345790,2593522,1106735,156912,249849,361997,117759,759016,4620585,2597144,1740590,282851
2014:Q2,TopPt1,9872202,9947900,770663,392157,4450950,31384,133263,2190939,1978544,75698,34389,12615,28694
2014:Q2,RemainingTop1,14104684,14646510,2365676,357944,5318951,308103,764158,2081153,3450524,541826,378513,43811,119502
2014:Q2,Next9,30637237,33309601,6367735,987958,6808777,7072182,3375960,2911461,5785528,2672364,2062349,243903,366112
2014:Q2,Next40,24100778,29677968,8908791,1961834,2496142,7032045,3475850,1212252,4591054,5577190,4353865,1097097,126228
2014:Q2,Bottom50,814929,5425231,2650451,1109469,162929,249456,368172,121468,763286,4610303,2548245,1766591,295467
2014:Q3,TopPt1,9946122,10024712,786475,408141,4373670,34493,137584,2278281,2006068,78589,36266,13023,29300
2014:Q3,RemainingTop1,14180530,14741017,2413865,354551,5213622,317949,767254,2195812,3477964,560487,384376,46428,129683
2014:Q3,Next9,30885588,33504864,6505076,979267,6687417,7138085,3379841,2926270,5888907,2619276,2067630,250284,301362
2014:Q3,Next40,24234147,29866079,9086611,1983383,2448128,7052178,3413602,1236974,4645203,5631932,4382274,1130703,118955
2014:Q3,Bottom50,848995,5429377,2655063,1114503,158478,248791,362301,120837,769404,4580382,2510547,1802547,267288
2014:Q4,TopPt1,10252275,10332988,798495,425490,4544213,37428,145323,2372582,2009456,80713,37982,12974,29757
2014:Q4,RemainingTop1,14574480,15143303,2460981,352800,5427662,327502,783345,2280786,3510228,568824,390310,47115,131399
2014:Q4,Next9,31518489,34129545,6606609,967140,6908411,7214160,3464158,2997024,5972042,2611055,2067541,257136,286378
2014:Q4,Next40,24483218,30182134,9225897,1996579,2496579,7081441,3436365,1250289,4694984,5698916,4413709,1164216,120991
2014:Q4,Bottom50,839909,5409087,2619663,1117316,161945,248272,365152,123309,773431,4569178,2477716,1828100,263362
2015:Q1,TopPt1,10546105,10629356,812490,441341,4694688,40473,152867,2452672,2034825,83251,39249,13660,30342
2015:Q1,RemainingTop1,14899899,15482754,2510226,349062,5615517,337205,798765,2332900,3539079,582854,395098,53984,133772
2015:Q1,Next9,32203019,34786322,6725639,957726,7102597,7283344,3535994,3070475,6110548,2583303,2048847,257215,277241
2015:Q1,Next40,24813468,30531992,9393984,2016658,2538722,7104139,3452951,1248124,4777414,5718525,4432978,1161115,124432
2015:Q1,Bottom50,899564,5418256,2605850,1121268,164805,247609,367739,125190,785795,4518692,2435290,1821144,262258
2015:Q2,TopPt1,10657665,10742885,829736,458835,4720173,43656,157647,2523651,2009187,85221,40820,13615,30786
2015:Q2,RemainingTop1,15041741,15631956,2561492,346361,5642406,347102,804482,2427385,3502728,590215,401958,55316,132941
2015:Q2,Next9,32466793,35064001,6878577,953087,7123972,7343960,3565358,3082427,6116620,2597208,2045283,264429,287496
2015:Q2,Next40,24947008,30754069,9588360,2051690,2531862,7118749,3415429,1266299,4781680,5807061,4479748,1195819,131494
2015:Q2,Bottom50,901558,5439453,2616877,1134989,163770,246776,364051,124839,788151,4537896,2420040,1848601,269255
2015:Q3,TopPt1,10448506,10536866,845678,458118,4335599,47141,155060,2564292,2130978,88359,42529,14013,31817
2015:Q3,RemainingTop1,14673257,15285390,2590424,340759,5143740,357450,783232,2521139,3548647,612133,408937,58556,144640
2015:Q3,Next9,32152110,34702212,6991500,959722,6576950,7386076,3448581,3046634,6292748,2550102,2046562,271364,232176
2015:Q3,Next40,24821969,30709878,9788575,2080087,2363248,7116152,3221748,1287337,4852731,5887909,4526966,1231359,129584
2015:Q3,Bottom50,939454,5479267,2687003,1135656,149891,245606,343595,123290,794226,4539813,2404262,1887844,247707
2015:Q4,TopPt1,10628529,10719632,858231,459098,4520406,50136,163981,2592798,2074982,91104,44654,14313,32137
2015:Q4,RemainingTop1,15048552,15675024,2630880,344176,5374984,367011,804768,2618192,3535013,626471,416430,64523,145518
2015:Q4,Next9,32612161,35178794,7079558,965747,6818976,7458095,3568265,2980964,6307189,2566632,2064035,268173,234424
2015:Q4,Next40,25181316,31108919,9972160,2097477,2418645,7140871,3282778,1309500,4887489,5927603,4577913,1207600,142090
2015:Q4,Bottom50,1023121,5511874,2700235,1140536,153994,244931,350324,120303,801551,4488753,2389815,1845614,253324
2016:Q1,TopPt1,10750988,10844717,871239,475742,4605075,53259,170732,2551176,2117494,93729,45947,14964,32818
2016:Q1,RemainingTop1,15322328,15967698,2674872,341806,5477845,376753,818269,2713560,3564594,645371,422013,70847,152511
2016:Q1,Next9,33005791,35536556,7186451,960172,6921990,7522399,3636290,2864259,6444995,2530764,2046590,269157,215017
2016:Q1,Next40,25498447,31463631,10122240,2127621,2434183,7158310,3295008,1352035,4974233,5965184,4609011,1209889,146284
2016:Q1,Bottom50,1068198,5519765,2679850,1151807,154977,244108,352183,122038,814801,4451567,2359520,1847412,244635
2016:Q2,TopPt1,10953054,11048758,891266,501762,4742489,56358,177892,2571863,2107128,95704,47508,14976,33220
2016:Q2,RemainingTop1,15596356,16253093,2751455,338493,5647498,386583,833620,2774578,3520867,656737,429397,72815,154525
2016:Q2,Next9,33570103,36109218,7385911,946109,7099984,7592673,3724974,2916758,6442809,2539115,2041985,275766,221364
2016:Q2,Next40,25808182,31863692,10362181,2157644,2473482,7177643,3321986,1381755,4989001,6055510,4663901,1240947,150662
2016:Q2,Bottom50,1066740,5534861,2662111,1165375,157634,243627,355164,131543,819407,4468121,2352300,1872337,243484
2016:Q3,TopPt1,11116501,11214657,909769,487042,4892933,59392,187073,2597815,2080633,98155,49412,15381,33362
2016:Q3,RemainingTop1,15883677,16551389,2764482,342470,5833350,396294,856299,2830202,3528292,667711,437292,76104,154315
2016:Q3,Next9,34180230,36749389,7509783,964907,7296296,7667621,3847283,2973517,6489983,2569158,2051012,282595,235551
2016:Q3,Next40,26152685,32308611,10578831,2172700,2518165,7201031,3389052,1406940,5041891,6155925,4723341,1275610,156974
2016:Q3,Bottom50,1189760,5694462,2794079,1164169,160714,243215,362735,140152,829398,4504702,2347738,1911946,245018
2016:Q4,TopPt1,11040259,11140649,925750,475439,4903914,57498,179776,2590264,2008008,100390,49169,15292,35929
2016:Q4,RemainingTop1,15995649,16663401,2820540,342940,5948081,398505,842645,2822866,3487824,667753,439780,71675,156298
2016:Q4,Next9,34396251,36971050,7607850,987425,7392647,7695741,3882884,2999927,6404575,2574799,2080812,285234,208753
2016:Q4,Next40,26462727,32673642,10804889,2183955,2533887,7249654,3394197,1431287,5075772,6210915,4747271,1305335,158309
2016:Q4,Bottom50,1207810,5749232,2816007,1172746,159186,248613,368452,146930,837297,4541422,2341790,1958900,240732
2017:Q1,TopPt1,11327667,11431086,941956,473563,5151659,55280,178191,2632653,1997784,103419,49129,15846,38444
2017:Q1,RemainingTop1,16540586,17210754,2897080,344691,6371824,400201,850328,2841369,3505262,670168,442045,72242,155881
2017:Q1,Next9,35202497,37803417,7723894,1005655,7819054,7743012,4058427,2984888,6468488,2600920,2117833,280226,202861
2017:Q1,Next40,27136564,33357639,11047089,2203577,2639619,7315906,3531935,1440247,5179267,6221075,4766810,1294368,159897
2017:Q1,Bottom50,1244332,5785872,2793051,1190662,164869,254357,387699,143242,851992,4541540,2330511,1967773,243256
2017:Q2,TopPt1,11563450,11668910,966276,464863,5264078,53134,174062,2769656,1976841,105459,49174,15784,40501
2017:Q2,RemainingTop1,16761923,17429047,2910944,343656,6625082,401996,848891,2828427,3470051,667124,444870,68169,154085
2017:Q2,Next9,35936866,38583606,7898071,1023726,8059989,7785314,4185092,3197228,6434185,2646740,2158687,281083,206970
2017:Q2,Next40,27480326,33761670,11216122,2211456,2692031,7377622,3619816,1436418,5208205,6281343,4794191,1314631,172521
2017:Q2,Bottom50,1363509,5948111,2918941,1197043,166301,260033,401789,149772,854232,4584603,2327053,2003077,254473
2017:Q3,TopPt1,11718424,11826980,987300,451632,5397636,50981,170788,2840101,1928542,108555,49176,16159,43220
2017:Q3,RemainingTop1,17103086,17772161,2951116,343932,6908962,403764,850674,2839308,3474406,669075,448121,66426,154528
2017:Q3,Next9,36610576,39285192,8042247,1043593,8334798,7827546,4331057,3270629,6435322,2674616,2198321,281734,194561
2017:Q3,Next40,27960148,34298338,11439146,2211886,2755792,7439298,3729997,1449298,5272922,6338190,4828561,1335247,174382
2017:Q3,Bottom50,1433492,6068670,2998344,1199261,168300,265726,418540,151999,866500,4635178,2331030,2049634,254514
2017:Q4,TopPt1,12064524,12174709,1003940,435837,5654249,48787,168075,2944296,1919525,110185,49069,16114,45002
2017:Q4,RemainingTop1,17683052,18343952,2996364,349068,7358638,405454,854680,2857178,3522570,660901,451160,62014,147727
2017:Q4,Next9,37523087,40261194,8138131,1074192,8782949,7871791,4496404,3371462,6526264,2738107,2233245,284540,220322
2017:Q4,Next40,28544162,34957138,11658269,2227701,2864747,7502840,3859065,1458431,5386085,6412976,4861344,1367028,184604
2017:Q4,Bottom50,1463382,6170028,3042403,1213938,173933,271470,437359,153170,877755,4706646,2333976,2101056,271614
2018:Q1,TopPt1,12110686,12223846,1026031,433566,5595446,46751,157801,2994027,1970225,113160,49095,16655,47410
2018:Q1,RemainingTop1,17834876,18499159,3085830,345551,7395859,407373,831440,2863293,3569813,664283,452931,62411,148941
2018:Q1,Next9,37953921,40719614,8314301,1093561,8793114,7905976,4505515,3425647,6681500,2765694,2270614,279261,215819
2018:Q1,Next40,29054793,35477171,11985451,2256470,2852796,7557146,3821561,1474156,5529592,6422378,4875580,1354379,192419
2018:Q1,Bottom50,1531290,6233875,3063728,1231419,169972,277060,438141,156089,897466,4702585,2317706,2107208,277671
2018:Q2,TopPt1,12199496,12314862,1048104,425803,5639920,44591,151125,3030926,1974392,115366,49340,16632,49394
2018:Q2,RemainingTop1,18018050,18682332,3076816,346675,7571818,409082,821374,2887067,3569500,664282,455971,58600,149711
2018:Q2,Next9,38441666,41240780,8457219,1117639,8948029,7947307,4593414,3458406,6718766,2799114,2318223,278848,202043
2018:Q2,Next40,29343039,35826019,12086299,2278468,2877555,7618022,3867801,1503550,5594325,6482980,4906714,1368410,207856
2018:Q2,Bottom50,1661419,6399718,3190014,1248243,169068,282791,448139,160137,901327,4738299,2317544,2135671,285084
2018:Q3,TopPt1,12440927,12559573,1066795,415140,5856041,42282,147324,3039854,1992136,118645,49618,16923,52104
2018:Q3,RemainingTop1,18452626,19117742,3091717,351575,7977838,410541,821682,2890428,3573961,665116,459402,55745,149969
2018:Q3,Next9,39230129,42072180,8571410,1141742,9347596,7997297,4734582,3493790,6785763,2842051,2367504,280267,194280
2018:Q3,Next40,29807372,36357154,12223385,2288326,2970857,7686854,3979289,1532351,5676092,6549782,4943737,1394183,211862
2018:Q3,Bottom50,1723746,6521908,3262194,1261561,173238,288689,465922,166776,903528,4798162,2323148,2187450,287564
2018:Q4,TopPt1,11635157,11755808,1079979,406517,4925832,40608,122237,3066667,2113968,120651,49725,16790,54136
2018:Q4,RemainingTop1,17317958,17984149,3118065,335965,6854004,412964,744117,2902637,3616397,666191,461779,50252,154160
2018:Q4,Next9,37928489,40777148,8619610,1166225,8132787,8008627,4424702,3486937,6938260,2848660,2408141,282319,158200
2018:Q4,Next40,29382348,36003633,12389357,2333654,2625718,7720145,3598853,1550329,5785578,6621285,4967923,1423442,229920
2018:Q4,Bottom50,1684585,6525608,3300251,1273138,143232,293940,428781,166725,919541,4841023,2316851,2234239,289933
2019:Q1,TopPt1,12598842,12723785,1100622,417500,5759711,37741,126352,3172388,2109472,124944,49595,17286,58063
2019:Q1,RemainingTop1,18751032,19422288,3213878,342767,8092290,413520,774643,2860091,3725099,671256,463121,50608,157527
2019:Q1,Next9,40213137,43068263,8801187,1176149,9410699,8091625,4768772,3684599,7135232,2855126,2437819,277114,140193
2019:Q1,Next40,30579010,37194375,12651164,2350978,2954687,7819292,3911651,1540554,5966049,6615366,4980115,1410564,224687
2019:Q1,Bottom50,1764908,6587036,3243320,1300535,165627,300445,468278,174131,934701,4822128,2299956,2238919,283253
2019:Q2,TopPt1,12891084,13017383,1122522,415516,5919816,35393,121552,3286965,2115619,126299,49454,17237,59608
2019:Q2,RemainingTop1,19047355,19714217,3213163,343526,8429589,415096,772353,2828809,3711681,666862,466339,46881,153642
2019:Q2,Next9,41143472,44037018,8950973,1194911,9741288,8156082,4928720,3899717,7165327,2893546,2470837,278125,144584
2019:Q2,Next40,30947576,37640246,12748679,2371450,3031316,7903711,4022201,1539215,6023675,6692671,5019605,1432309,240757
2019:Q2,Bottom50,1850696,6735548,3338848,1318626,167937,306600,485018,183273,935246,4884852,2310001,2277480,297371
2019:Q3,TopPt1,12754868,12884796,1140669,388248,5823249,33115,112917,3314646,2071952,129928,49562,17587,62779
2019:Q3,RemainingTop1,19044046,19713504,3166727,346353,8421263,416757,756197,2847963,3758244,669457,469510,44683,155264
2019:Q3,Next9,41343784,44269075,9019992,1236093,9716851,8216174,5008109,3900925,7170930,2925290,2512739,279097,133454
2019:Q3,Next40,31134349,37890932,12809870,2391723,3020465,7984095,4044397,1566403,6073980,6756584,5057164,1455440,243980
2019:Q3,Bottom50,2000635,6943175,3519750,1329534,162633,312699,491953,184520,942086,4942540,2316993,2327320,298227
2019:Q4,TopPt1,13309829,13439036,1150775,375799,6310050,32014,121469,3344028,2104901,129207,50147,17451,61609
2019:Q4,RemainingTop1,19989434,20654496,3178218,360315,9074770,415989,787909,2910344,3926952,665062,471837,41880,151345
2019:Q4,Next9,42604224,45572196,9110379,1257404,10411179,8308405,5190146,3872528,7422155,2967972,2538048,283967,145957
2019:Q4,Next40,31892964,38714926,12935834,2396749,3215470,8069960,4249609,1593139,6254165,6821961,5082316,1484837,254808
2019:Q4,Bottom50,2107869,7114121,3617222,1341147,176998,314725,515595,182189,966245,5006252,2332792,2364056,309404
2020:Q1,TopPt1,12063233,12193435,1162950,383126,4758087,31971,98684,3428425,2330191,130202,50741,18147,61314
2020:Q1,RemainingTop1,18137564,18805232,3273861,338621,6972311,415759,703663,2929275,4171742,667668,473388,47027,147253
2020:Q1,Next9,40356129,43356394,9261833,1257766,8221490,8306448,4669419,3964097,7675341,3000264,2562859,279452,157953
2020:Q1,Next40,31241338,38078928,13276915,2446592,2652580,8067969,3690592,1591596,6352683,6837590,5099925,1458691,278974
2020:Q1,Bottom50,2048476,7069291,3650034,1347866,131421,314615,453181,181835,990338,5020815,2348320,2344511,327984
2020:Q2,TopPt1,13205572,13336575,1169283,367982,5906190,29685,119838,3455807,2287789,131003,51534,18286,61183
2020:Q2,RemainingTop1,20261414,20932618,3428520,360021,8517129,409841,779844,3006007,4431257,671204,474575,49032,147597
2020:Q2,Next9,42904573,45923763,9395559,1273026,9851507,8377291,5150587,3928981,7946812,3019190,2595716,275540,147934
2020:Q2,Next40,32992858,39820338,13737342,2429803,3097907,8130244,4206557,1626259,6592226,6827479,5117834,1436510,273135
2020:Q2,Bottom50,2139955,7155612,3592252,1358775,165263,314720,509916,180701,1033984,5015657,2377677,2317857,320123
2020:Q3,TopPt1,13894759,14025418,1183333,366382,6532837,28349,129792,3576452,2208273,130659,53028,18585,59046
2020:Q3,RemainingTop1,21322435,21986699,3531572,380444,9358332,406696,814981,3103959,4390716,664264,478476,49150,136638
2020:Q3,Next9,44284327,47427460,9583582,1312459,10726417,8427418,5388248,4006612,7982724,3143134,2658576,277749,206809
2020:Q3,Next40,34003046,40889024,14112140,2504184,3326765,8175029,4453875,1659080,6657951,6885978,5164058,1451699,270221
2020:Q3,Bottom50,2225327,7331242,3642155,1420701,183775,315079,536192,181329,1052011,5105914,2422636,2345472,337806
2020:Q4,TopPt1,15400069,15530141,1206253,360595,7721200,26723,147205,3725452,2342713,130073,54692,18364,57017
2020:Q4,RemainingTop1,23461360,24110524,3639910,404088,10951763,404711,876483,3184266,4649304,649165,482380,45351,121434
2020:Q4,Next9,47198566,50486822,9849480,1349332,12381184,8539977,5752178,4167198,8447473,3288256,2726254,280721,281281
2020:Q4,Next40,35720666,42679374,14549031,2552119,3758513,8279097,4867927,1685493,6987194,6958708,5203589,1471998,283121
2020:Q4,Bottom50,2427778,7615943,3751762,1468286,218908,317267,582749,185715,1091257,5188165,2449218,2368420,370527
2021:Q1,TopPt1,16149000,16280050,1238513,369782,8314305,27023,153274,3851760,2325393,131050,56228,18719,56103
2021:Q1,RemainingTop1,24686054,25332319,3789354,418558,11748789,407752,899407,3333526,4734933,646265,486673,46492,113100
2021:Q1,Next9,48662695,52077147,10218019,1371476,13212540,8593802,5860014,4184271,8637026,3414453,2788607,278576,347270
2021:Q1,Next40,36895079,43889699,15089020,2601159,3977610,8331616,5006653,1740872,7142768,6994619,5243068,1461181,290370
2021:Q1,Bottom50,2602114,7825562,3851054,1509869,236415,319400,600051,182669,1126104,5223448,2462882,2362208,398358
2021:Q2,TopPt1,17147262,17279561,1291008,386465,9011126,26361,164988,4092875,2306738,132298,57741,18525,56032
2021:Q2,RemainingTop1,25962188,26609132,3804160,447572,12680917,407934,940797,3574405,4753347,646944,493665,43238,110041
2021:Q2,Next9,50578479,54082941,10766034,1428695,14176568,8667238,6109173,4283190,8652044,3504462,2857013,285329,362120
2021:Q2,Next40,37981953,45102259,15430890,2742769,4226952,8400532,5287606,1827352,7186159,7120307,5325220,1500777,294310
2021:Q2,Bottom50,3069108,8413468,4265705,1620567,257051,321229,631425,181178,1136312,5344360,2527368,2411237,405755
2021:Q3,TopPt1,17684057,17818349,1344013,398128,9070341,26176,164179,4446798,2368714,134292,58792,18794,56706
2021:Q3,RemainingTop1,26300998,26958084,3767554,461001,12761714,408662,939309,3792373,4827470,657085,501229,44528,111328
2021:Q3,Next9,51651818,55197624,11290156,1470778,14262855,8706702,6112476,4585302,8769356,3545806,2910319,290559,344928
2021:Q3,Next40,38418145,45670276,15670534,2856744,4250722,8438002,5277320,1891631,7285323,7252132,5420166,1528870,303096
2021:Q3,Bottom50,3528746,8996589,4748369,1698506,258779,322384,629891,185145,1153514,5467843,2608556,2454647,404640
2021:Q4,TopPt1,18421104,18556717,1385366,397345,9528270,25485,174386,4671245,2374620,135613,59856,18562,57195
2021:Q4,RemainingTop1,27279802,27935850,3847349,491562,13374879,409131,974915,3966714,4871300,656047,509439,42537,104071
2021:Q4,Next9,53235681,56843202,11722926,1521654,14898231,8791203,6294477,4752453,8862258,3607521,2965102,297925,344494
2021:Q4,Next40,39416357,46845512,16134485,2938938,4415789,8517480,5508550,1952717,7377553,7429155,5522662,1568938,337555
2021:Q4,Bottom50,3795108,9413311,5023229,1772117,272331,324561,657286,188010,1175777,5618203,2694056,2502862,421285
2022:Q1,TopPt1,18238599,18375027,1433771,416251,8954460,26007,162617,4861127,2520794,136429,59553,18895,57981
2022:Q1,RemainingTop1,27022281,27687181,3993065,494318,12614015,411787,936100,4256001,4981895,664900,514664,46674,103562
2022:Q1,Next9,52924547,56536802,12254314,1554146,14118835,8811405,6031316,4610647,9156139,3612255,2964354,300306,347595
2022:Q1,Next40,39879957,47400429,16781352,3056750,4216654,8538238,5223720,2043990,7539725,7520472,5593959,1576845,349668
2022:Q1,Bottom50,3981959,9685349,5275572,1842591,255237,325774,627487,170600,1188088,5703389,2755148,2519859,428382
2022:Q2,TopPt1,16975252,17113673,1503701,423071,7298222,26671,137215,5156211,2568582,138421,61023,18600,58798
2022:Q2,RemainingTop1,24865720,25535363,3862654,474510,10407712,413758,848686,4546713,4981330,669643,522579,42782,104282
2022:Q2,Next9,50716415,54375971,12887402,1573718,11823281,8797915,5502327,4585346,9205982,3659556,3033586,309387,316583
2022:Q2,Next40,38796429,46481868,16929774,3149666,3604184,8526963,4621970,2112630,7536681,7685439,5690913,1629200,365326
2022:Q2,Bottom50,4472537,10317802,6010393,1872664,206074,325984,560849,152658,1189181,5845265,2837261,2583639,424365
2022:Q3,TopPt1,16930372,17070565,1525754,426854,6888194,25896,129079,5357266,2717523,140194,62434,18805,58955
2022:Q3,RemainingTop1,24451684,25124292,3904852,475270,9866645,412908,819588,4561419,5083611,672608,528721,41767,102120
2022:Q3,Next9,50648939,54376422,13114095,1599501,11238074,8854176,5300295,4798968,9471313,3727483,3097223,315846,314414
2022:Q3,Next40,38782014,46590242,17193797,3223772,3424366,8579077,4416304,2078085,7674841,7808228,5764964,1667731,375533
2022:Q3,Bottom50,4523760,10492442,6170506,1913876,193854,327116,539194,151058,1196838,5968682,2900609,2640301,427772
